Node,Influence_Score
1712,0.06042006455518553
1854,0.05932620948584828
1875,0.05857383988420434
2418,0.05792824967136807
1857,0.05591056675467044
1725,0.055685651219138585
2420,0.05431473677476004
2006,0.05375355962340349
815,0.05366745038234343
1883,0.053571335917197385
1853,0.05335737012078841
137,0.05319553694154376
1860,0.05315911415391004
1715,0.05303862922762934
1738,0.0528522627188521
